Sparsity Level,Stride,cycles_speedup,instructions_speedup,branches_speedup
50,1,1.4732846998121651,4.642654131347987,3.892005891385416
55,1,1.4331150444531473,4.367596814699758,3.664295947934134
60,1,1.4329162129556368,4.1346473993064,3.4673990172845457
60,1,1.4340705647951577,3.525049158232581,3.4692600179405817
65,1,1.3738887787699046,3.854107434262546,3.2332250856960463
70,1,1.3523078164866114,3.5540995891064817,2.9945350863297957
75,1,1.321384482978686,3.2444708588148,2.741131916049308
80,1,1.2649060267812067,2.853276477163392,2.426816306114793
85,1,1.2261312204376533,2.4798506400317035,2.1362099934683214
90,1,1.159035739310566,2.027876444766622,1.7821036745629355
95,1,1.075195510997686,1.5457340878279822,1.4094814442790264
