Sparsity Level,Stride,cycles_speedup,instructions_speedup,branches_speedup
50,3,1.4726958862237516,4.636065728195386,3.88519981718121
55,3,1.419219477342502,4.367476504882938,3.6645871559633028
60,3,1.412196426360537,4.144584178748985,3.4792709269719455
65,3,1.3762129994532724,3.8426778623322564,3.227063030412018
70,3,1.3632257171717972,3.5796749253620823,3.0147770016120363
75,3,1.3096649964896554,3.224911683437144,2.731147885158997
80,3,1.2681311755753681,2.851412093816167,2.4246430255660956
85,3,1.2145009847656612,2.481319340561196,2.14117936319305
90,3,1.1571346705409866,2.03421797225859,1.7855533736281486
95,3,1.1041948445292247,1.564065340793772,1.42215245756892
